ProductName,Predicted_SubCategory,True_SubCategory
"""Nylon Swim Shorts""",Active Pants,Shorts
"""Men's Basic Fit Chino Pants""",Chinos,Chinos
"""Men's Paige Brysen Regular Fit Crewneck Sweatshirt""",Sweatshirts/Hoodies,Sweatshirts/Hoodies
"""J.Crew Stretch-Cotton Twill Chinos""",Chinos,Chinos
"""padded gilet""",Vests,Vests
"""Gucci Printed Silk-Twill Pocket Square""",Pocket Squares,Pocket Squares
"""Waxed Leather Lace-up Boots""",Boots,Boots
"""Dries Van Noten Yellow Rib Cardigan""",Cardigans,Cardigans
"""Logo Icon Cotton Jersey Boxer Briefs""",Boxers & Briefs,Boxers & Briefs
"""Iphone XR Wings cover""",Tech Accessories,Tech Accessories
"""Gucci Men's GG Wool Slipper With Horsebit - Blue Red """,Slides/Slipper,Slides/Slipper
"""Brunello Cucinelli Men's Reversible Pocket Square - Green""",Pocket Squares,Pocket Squares
"""Embossed Cotton Jersey Jogging Pants""",Active Pants,Active Pants
"""Arc'teryx Veilance Demlo Overshirt in Black""",Overshirts,Overshirts
"""E buckle belt""",Belts,Belts
"""Men's CTNMB Spray Paint Graphic Sweatshirt""",Sweatshirts/Hoodies,Sweatshirts/Hoodies
"""Satisfy - Studio Training Jersey Trousers - Mens - Black""",Active Pants,Active Pants
"""Ksubi Seeing Lines Tee in Blue""",T-Shirts,T-Shirts
"""Dr. Martens Black Quynn Monk Derbys""",Derbys,Derbys
"""Dries Van Noten Purple Metallic Ruffle Cardigan""",Cardigans,Cardigans
"""Canada Goose Men's Northern Quilted Gloves - Black """,Gloves,Gloves
"""Burberry Hyde Shirt in Gray,Green,Abstract""",Shirts,Eyewear
"""Tb Sonny Printed Nylon Belt Bag""",Bags,Bags
"""Ksubi Sioux Tee in Black""",T-Shirts,T-Shirts
"""Men's Slim Flat-Front Washed Chino Pants""",Chinos,Chinos
"""Short zipped jacket""",Jackets,Jackets
"""Men's Slouchy Rise Tuxedo Jogger Pants""",Active Pants,Tuxedos
"""Men's Bonobos Alo Stripe Pocket T-Shirt""",T-Shirts,T-Shirts
"""Men's Year Round Chino Shorts""",Chinos,Shorts
"""Slide high-top sneakers""",Sneakers,Sneakers
"""Men's Tommy John Cool Cotton Boxer Briefs""",Boxers & Briefs,Boxers & Briefs
"""Loewe Black and Blue Wool OV Polo Sweater""",Polos,Sweaters
"""Men's Mcm 1976 Roll Top Backpack - Black""",Sandals,Bags
"""Men's Howell Solid Suede Slippers""",Slides/Slipper,Slides/Slipper
"""Men's Basel 5 Zip-Front Hoodie""",Sweatshirts/Hoodies,Sweatshirts/Hoodies
"""Tom Ford Men's 51MM Plastic Blue Filter Optical Glasses - Grey""",Eyewear,Eyewear
"""Prada Match Race Rubber And Leather-Trimmed Nylon Sneakers""",Sneakers,Sneakers
"""Men's Reef Brazil Flip Flop""",Sandals,Sandals
"""Craig Green - Painting-print Cotton T-shirt - Mens - Blue""",T-Shirts,T-Shirts
"""All Over Logo Cotton Blend Boxer Briefs""",Boxers & Briefs,Boxers & Briefs
"""Gucci Men's Wool Mohair Tuxedo - Black """,Tuxedos,Tuxedos
"""Paul Smith Silver Pencil Cufflinks""",Cufflinks,Cufflinks
"""Men's Malibu Hoodie Sweatshirt""",Sweatshirts/Hoodies,Sweatshirts/Hoodies
"""stitch-detail gloves""",Gloves,Gloves
"""Calvin Klein Underwear Black Micro Boxer Briefs""",Boxers & Briefs,Boxers & Briefs
"""Oddsy slides""",Slides/Slipper,Slides/Slipper
"""Loro Piana Tecnowool Padded Virgin Wool-Blend Overshirt""",Overshirts,Overshirts
"""Slide canvas sneakers""",Sneakers,Sneakers
"""Burberry Men's Cannon Printed Nylon Belt Bag - Black""",Bags,Bags
"""Tyakasha trainers""",Sneakers,Sneakers
"""Men's New Flex Derby Shoes, Brown""",Slides/Slipper,Derbys
"""Ami - Fringed Leather Moccasins - Mens - Black""",Boots,Loafers
"""Timberland Men's Premium Waterproof Leather Work Boots - Black """,Boots,Boots
"""Onia - Charles Striped Swim Shorts - Mens - Multi""",Shorts,Shorts
"""Tidy Fit Cotton Twill Chino Pants""",Chinos,Chinos
"""Wool \u0026 Mohair Tuxedo Suit""",Tuxedos,Tuxedos
"""Embroidered Logo Nylon Belt Bag""",Bags,Bags
"""Horsebit perforated slippers""",Slides/Slipper,Slides/Slipper
"""Fendi - Ff Logo Track Pants - Mens - Brown Multi""",Active Pants,Active Pants
"""Salvatore Ferragamo Silver and Brown 1898 GMT Watch""",Watches,Watches
"""Gucci Black Washed Cotton Jogging Jeans""",Denim,Active Pants
"""Noah NYC Beige Single-Pleat Chino Trousers""",Chinos,Chinos
"""Men's Gancini-Collar Polo Shirt""",Polos,Polos
"""Flower Studs Bracelet""",Sneakers,Jewelry
"""Track sandal""",Loafers,Sandals
"""Men's Christian Louboutin Logo Buckle Leather Belt""",Belts,Belts
"""Men's Watercolor Long-Sleeve Polo Shirt""",Polos,Polos
"""Men's Shawl-Collar Tuxedo Jacket""",Tuxedos,Tuxedos
"""smooth surface espadrilles""",Loafers,Loafers
"""Vilebrequin Moorea Printed Swim Shorts""",Shorts,Shorts
"""Slip On loafer""",Loafers,Loafers
"""Burberry - Tb Cufflinks - Mens - Silver Multi""",Cufflinks,Cufflinks
"""Barbour Newbrough Gloves""",Gloves,Gloves
"""Boramy Viguier - Two-tone Cotton-blend Trousers - Mens - Navy""",Active Pants,Pants
"""Cotton Denim Vest""",Vests,Vests
"""Derek Rose - Tropez 7 Geometric-print Technical Swim Shorts - Mens - Red Multi""",Shorts,Shorts
"""Brunello Cucinelli - Striped-trim Cotton-blend Jersey Track Pants - Mens - Light Grey""",Active Pants,Active Pants
"""Off-White c/o Virgil Abloh River Trail Shell Track Pants""",Active Pants,Active Pants
"""Fendi Timepieces Run Away Stainless Steel \u0026 Leather-Strap Watch - Black Gold""",Watches,Watches
"""10mm Leather Foldabled Loafers W/ Web""",Loafers,Loafers
"""Saint Laurent Black SL 308 Glasses""",Eyewear,Eyewear
"""Lemaire Black Jersey Chino Lounge Pants""",Chinos,Loungewear
"""Men's Red Wing Wacouta Moc Toe Derby""",Derbys,Oxfords
"""Palm Angels - Hawaiian-print Jersey Track Top - Mens - Black""",Active Pants,Sweatshirts/Hoodies
"""Men's Vaneli Cleve Toe Loop Slide Sandal""",Slides/Slipper,Sandals
"""Isaia Men's Windowpane Wool \u0026 Silk Suit - Slate Blue """,Suits,Suits
"""RRL Slub Cotton-Jersey T-Shirt""",T-Shirts,T-Shirts
"""slip-on loafers""",Loafers,Loafers
"""Saint Laurent Bedford Hi-Tops in Metallic""",T-Shirts,Sneakers
"""Saint Laurent - Jacquard-striped Slim-fit Tuxedo Trousers - Mens - Black Grey""",Active Pants,Tuxedos
"""Print Moon Landing Straight Cotton Jeans""",Denim,Denim
"""LQD Cell trainers""",Sneakers,Sneakers
"""Rick Owens Grey Karloff Boxer Shorts""",Shorts,Shorts
"""Dolce \u0026 Gabbana Men's Rapper Hat - Black """,Belts,Hats
"""Hanro Men's Sea Island Cotton Cotton Boxer Briefs - White """,Boxers & Briefs,Shorts
"""flames iPhone XR case""",Tech Accessories,Tech Accessories
"""Men's Twins-Graphic Lightning T-Shirt""",T-Shirts,T-Shirts
"""Flocked Viscose Kimono Robe""",Robes,Robes
"""Ami de Coeur Chainette sweatshirt""",Sweatshirts/Hoodies,Sweatshirts/Hoodies
"""Logo Iphone X/xs Cover W/ Finger Grip""",Tech Accessories,Tech Accessories
"""Men's Nike Archival Stripe Cotton T-Shirt""",T-Shirts,Shirts
"""contrasting sole loafers """,Loafers,Loafers
"""Fendi - Ff-logo Technical-shell Track Pants - Mens - Black""",Active Pants,Active Pants
"""Balenciaga - Explorer Logo-appliqué Canvas Belt Bag - Mens - Black""",Bags,Bags
"""Versace White and Black Logo Socks""",Socks,Socks
"""Men's Off-White Rubber Logo Belt""",Slides/Slipper,Belts
"""Jogging bottoms""",Active Pants,Active Pants
"""Gucci Reversible Multicolor Striped Cardigan""",Cardigans,Cardigans
"""Jil Sander - Leather Slides - Mens - Black""",Slides/Slipper,Slides/Slipper
"""Vilebrequin Men's 3rd August Monaco Embroidered Swim Shorts - Blue """,Shorts,Shorts
"""Etro Black Pegaso Loafers""",Loafers,Loafers
"""20cm Gothic Logo Embroidered Jeans""",Chinos,Denim
"""Men's Tommy Bahama Palm Coast Classic Fit Polo""",Polos,Polos
"""Arachno Arrow Pvc Iphone X/xs Cover""",Tech Accessories,Tech Accessories
"""Gucci - GG-logo Daisy Chevron-print Velvet Track Pants - Mens - Brown Multi""",Active Pants,Active Pants
"""Men's Multi-Stripe Dress Shirt""",Shirts,Shirts
"""Ermenegildo Zegna Men's Printed Silk Pocket Square - Navy""",Pocket Squares,Pocket Squares
"""Canada Goose Men's Northern Utility Glove - Black """,Gloves,Gloves
"""Vetements - Logo-print Iphone® Xs Max Leather Phone Case - Mens - Black White""",Tech Accessories,Tech Accessories
"""Favourbrook Pre-Tied Silk-Twill Bow Tie""",Ties,Ties
"""Jacquemus White and Green Artichoke Le Calecon Boxers""",Boxers & Briefs,Boxers & Briefs
"""Balenciaga - Logo-appliqué Cotton Baseball Cap - Mens - Black""",Hats,Hats
"""A.P.C. Off-White Nicolas Sweater""",Sweaters,Sweaters
"""Saint Laurent Silver Double Chain Necklace""",Cufflinks,Jewelry
"""Catalpa derbies""",Derbys,Derbys
"""Hooded cardigan with buttons""",Cardigans,Cardigans
"""Dr. Martens Jadon 8 Eye Boots""",Boots,Boots
"""Burberry Men's Furley Vintage Check Pool Slides - Archive Beige """,Slides/Slipper,Slides/Slipper
"""Cartier Men's 56MM Goldtone Aviator Sunglasses - Gold""",Eyewear,Eyewear
"""formal penny loafers""",Loafers,Loafers
"""Off-White Black Knit Logo Sweater""",T-Shirts,Sweaters
"""Men's Majestic International 'Signature' Cotton Robe""",Robes,Robes
"""Print Ultra Light Micro Tech Swim Shorts""",Shorts,Shorts
"""Gucci - Pursuit Chevron-logo Rubber Slides - Mens - Black""",Slides/Slipper,Slides/Slipper
"""Saks Fifth Avenue Men's MODERN Wool Tuxedo Jacket - Black """,Tuxedos,Tuxedos
"""scribble logo iPhone XR case""",Tech Accessories,Tech Accessories
"""Men's Tapered Jersey Jogger Pants""",Active Pants,Active Pants
"""Bottega Veneta - Intrecciato Leather Iphone® Xs Case - Mens - Black""",Tech Accessories,Tech Accessories
"""Neil Barrett Men's Mouth Julie Verhoeven Cotton Tee - Black White """,T-Shirts,T-Shirts
"""Men's x Pepsi Maple Leaf Slide Sandals""",Slides/Slipper,Slides/Slipper
"""Men's Logo Typographic Hoodie""",Sweatshirts/Hoodies,Sweatshirts/Hoodies
"""Men's Silk Jacquard Logo Boxers""",Boxers & Briefs,Boxers & Briefs
"""Mars Belt Bag""",Bags,Bags
"""Men's Moloa Shearling-Lined Slippers""",Slides/Slipper,Slides/Slipper
"""Givenchy Jogging Pants in Black""",Active Pants,Active Pants
"""Dolce \u0026 Gabbana Men's Bandana-Print Swim Shorts - Bandana Black """,Shorts,Shorts
"""Superhero King print track pants""",T-Shirts,Active Pants
"""Telfar Grey Cropped Asymmetric Tank Top""",T-Shirts,T-Shirts
"""Gucci Black Quilted GG Marmont Belt Bag""",Bags,Bags
"""Iphone X Foot print cover""",Tech Accessories,Tech Accessories
"""Geometric swimming shorts""",Shorts,Shorts
"""flames iPhone XR case""",Tech Accessories,Tech Accessories
"""RAEN Black Boyd Sunglasses""",Eyewear,Eyewear
"""Logo Nylon Belt Bag""",Bags,Bags
"""Nylon Military System Vest""",Shorts,Vests
"""Men's Back to the Future Graphic Hoodie""",Sweatshirts/Hoodies,Sweatshirts/Hoodies
"""Burberry Men's Dryden TB Crewneck Sweatshirt - Black """,T-Shirts,Sweatshirts/Hoodies
"""Dolce and Gabbana Black Flocked Print Jogging Pants""",Active Pants,Active Pants
"""Gradient V Neck Cotton Knit Sweater""",T-Shirts,Sweaters
"""Pack Of 3 Cotton Blend Boxer Briefs""",Boxers & Briefs,Boxers & Briefs
"""Men's Ribbed Cashmere Socks""",Socks,Socks
"""Men's Rhone Versatility Performance Athletic Shorts""",Shorts,Shorts
"""MCM Visetos Original iPhone XS Max Case""",Tech Accessories,Tech Accessories
"""Paul Smith Neville Argyle Socks""",Gloves,Socks
"""Y-3 Kaiwa Knit Sneakers""",Sneakers,Sneakers
"""stud embellished gloves""",Gloves,Gloves
"""Marni Green Flower Polo""",Polos,Polos
"""x Balmain fingerless gloves""",Gloves,Gloves
"""Men's Big \u0026 Tall David Donahue Performance Trim Fit Check Dress Shirt""",Shirts,Shirts
"""Icon Slide Sandals""",Slides/Slipper,Slides/Slipper
"""Tod's - Logo-buckle Leather Belt - Mens - Black Brown""",Belts,Belts
"""Men's Polo Ralph Lauren Cayson Slide""",Slides/Slipper,Slides/Slipper
"""logo patch polo top""",Polos,Polos
"""Lightning Printed Skater Jeans""",Denim,Denim
"""Officine Generale Men's Basic Cotton T-Shirt - Cobalt """,T-Shirts,T-Shirts
"""Stone Island Men's Crewneck Cotton Fleece Sweatshirt - Lemon """,Sweatshirts/Hoodies,Sweatshirts/Hoodies
"""Gg Interlock Cotton Jersey Track Pants""",Active Pants,Active Pants
"""Brunello Cucinelli Men's Reversible Pocket Square - Blue""",Pocket Squares,Pocket Squares
"""Men's Sion 3 Gancio-Print Slides""",Slides/Slipper,Slides/Slipper
"""Wool Peak-Lapel Tuxedo""",Tuxedos,Tuxedos
"""David Beckham Men's 55MM Round Sunglasses - Brown""",Eyewear,Eyewear
"""Skate t-shirt""",T-Shirts,T-Shirts
"""Cross Logo Print Tech Iphone Xr Case""",Tech Accessories,Tech Accessories
"""Paul Smith Multicolor Robot Head Toy Cufflinks""",Cufflinks,Cufflinks
"""Matthew Leather Boots""",Sneakers,Boots
"""Moncler - Stripe-jacquard Wool Gloves - Mens - Grey""",Gloves,Gloves
"""Fkshm X Outlaw Moscow Bardo Sunglasses""",Eyewear,Eyewear
"""Longines Men's Conquest V.H.P. Bracelet Watch - Black Metal""",Watches,Watches
"""Toketa floral-print overshirt""",Overshirts,Overshirts
"""Loewe - Masque Acetate Sunglasses - Mens - Brown""",Eyewear,Eyewear
"""multicoloured iPhone 8+ logo leather phone case""",Tech Accessories,Tech Accessories
"""Double Round Textured Metal Sunglasses""",Eyewear,Eyewear
"""Off-White Red Airport Tape Shorts""",Shorts,Shorts
"""Men's Shelton Patch-Pocket Silk Jacket""",Tuxedos,Tuxedos
"""Gucci Gold Semi-Rimless Glasses""",Eyewear,Eyewear
"""Thorsun - Tie-dye Swim Shorts - Mens - Blue""",Shorts,Shorts
"""Fendi Beige Karligraphy Chino Pants""",Chinos,Chinos
"""Gucci Men's Waterproof Nylon Swim Shorts - Black Multi """,Shorts,Shorts
"""Valentino Garavani Rockstud Rubber Slides""",Slides/Slipper,Slides/Slipper
"""Cardigan""",Cardigans,Cardigans
"""Toga Virilis - Polido Fringed Leather Derby Shoes - Mens - Black""",Derbys,Derbys
"""Inis Meáin Linen Half-Zip Sweater""",Overshirts,Sweaters
"""Rayon \u0026 Nylon Pants W/ Buckle""",Active Pants,Pants
"""Satisfy Black Snake Race Singlet Tank Top""",T-Shirts,T-Shirts
"""Men's Bugatchi Short Sleeve Polo""",Polos,Polos
"""Wings + Horns Cabin Fleece Robe""",Robes,Robes
"""Nrg Swoosh Logo Sweatshirt Hoodie""",Sweatshirts/Hoodies,Sweatshirts/Hoodies
"""Adilette Slide Sandals""",Slides/Slipper,Sandals
"""Men's Sanuk Vagabond Slip-On Sneaker""",Sneakers,Sneakers
"""monogram belt""",T-Shirts,Belts
"""Moschino Logo iPhone X / XS iPhone Case with Chain""",Tech Accessories,Tech Accessories
"""Men's Full-Zip Hoodie with Leather Trim""",Sweatshirts/Hoodies,Sweatshirts/Hoodies
"""Men's Logo-Front Hooded Sweatshirt""",Sweatshirts/Hoodies,Sweatshirts/Hoodies
"""Brioni Men's Paisley Silk Pocket Square - Coffee""",Pocket Squares,Pocket Squares
"""Connolly - Hooded Longline Cashmere Cardigan - Mens - Khaki""",Cardigans,Cardigans
"""Celine Eyewear - Aviator Gold-tone Metal Sunglasses - Mens - Gold""",Eyewear,Eyewear
"""Oversize printed cotton bowling shirt""",Shirts,Shirts
"""Camp Collar Overshirt""",Overshirts,Overshirts
"""Men's Topman Snap Front Overshirt""",Overshirts,Overshirts
"""flat slip-on sneakers""",Slides/Slipper,Sneakers
"""Givenchy - Single-button Satin Tuxedo Coat - Mens - Black""",Tuxedos,Tuxedos
"""Balenciaga Men's Velvet Mule Slippers - Black """,Slides/Slipper,Slides/Slipper
"""Casablanca Green After Sports Lounge Pants""",Active Pants,Loungewear
"""iPhone 10 Leather Case""",T-Shirts,Tech Accessories
"""Burberry - Typeface-logo Checked Quilted-down Gilet - Mens - Beige Multi""",Slides/Slipper,Vests
"""Saks Fifth Avenue Men's COLLECTION Hawaiian Floral Swim Trunks - Pink """,Shorts,Shorts
"""Men's Reef Brazil Flip Flop""",Sandals,Sandals
"""fitted padded gilet""",Vests,Vests
"""Polo Ralph Lauren Buffalo-Checked Cotton-Flannel Overshirt""",Overshirts,Overshirts
"""Edition 6 trainers""",Sneakers,Sneakers
"""35mm Leather Mule Loafers""",Loafers,Loafers
"""Sharp Wings Print Tech Iphone Xs Case""",Tech Accessories,Tech Accessories
"""Julius Black Track Cargo Pants""",Active Pants,Active Pants
"""Cufflinks, Inc. Men's Marvel Sterling Silver 3D Captain America Shield Cufflinks - Silver""",Cufflinks,Cufflinks
"""Random Identities Pink Dressy Track Pants""",Active Pants,Active Pants
"""Versace - Logo-embroidered Cotton Track Pants - Mens - Navy""",Active Pants,Active Pants
"""The North Face E-Tip Grip Gloves""",Gloves,Gloves
"""Officine Creative Grey Mondrian 5 Chelsea Boots""",Boots,Boots
"""Cottweiler - Zipped Technical Jacket - Mens - Black""",Active Pants,Jackets
"""Men's Nordstrom Men's Shop Brockton Dot Silk \u0026 Cotton Tie""",Ties,Ties
"""Men's Solid Gravity Jogger Pants""",Active Pants,Active Pants
"""classic oxford shoes""",Oxfords,Oxfords
"""Wardrobe. nyc - Release 03 Elbow-patch Wool-blend Sweater - Mens - Black""",T-Shirts,Sweaters
"""Men's Robert Graham Sheckter Drawstring Chinos""",Chinos,Chinos
"""Chelsea ankle boots""",Boots,Boots
"""Satisfy - Spacer Front-crease Track Pants - Mens - Black""",Active Pants,Active Pants
"""Vilebrequin Men's 24th July Ibiza Swim Trunks - Hibiscus """,Shorts,Shorts
"""Eye/loewe/nature - Eln Zip-neck Wool-blend Jacquard Sweater - Mens - Orange Multi""",Active Pants,Sweaters
"""Men's Topman Skinny Tux Jacket""",Jackets,Tuxedos
"""Fendi Timepieces Run Away Stainless Steel \u0026 Leather-Strap Watch - Silver Black""",Watches,Watches
"""Dolce and Gabbana Black and White DNA Boxer Briefs""",Boxers & Briefs,Boxers & Briefs
"""Turtle neck jersey sweat-shirt""",T-Shirts,Sweatshirts/Hoodies
"""Raey - Loose-fit Cashmere Cardigan - Mens - Charcoal""",Cardigans,Cardigans
"""FF trainers""",Sneakers,Sneakers
"""Tiger espadrilles""",Slides/Slipper,Loafers
"""Translucent Leather Belt Bag""",Bags,Bags
"""Versace Men's 3-Pack Low-Rise Logo Briefs - Black Gold """,Boxers & Briefs,Boxers & Briefs
"""Jil Sander - Leather Slides - Mens - Black""",Slides/Slipper,Slides/Slipper
"""Bottega Veneta - Intrecciato Leather Slides - Mens - Khaki""",Slides/Slipper,Slides/Slipper
"""Men's Polo Shirt w/ Fawn Applique""",Polos,Polos
"""adidas by MISSONI Cru Tee in Black""",T-Shirts,T-Shirts
"""Men's Ike Behar Trax Wingtip""",Oxfords,Oxfords
"""Balenciaga - Logo-print Cotton Track Pants - Mens - Cream""",Active Pants,Active Pants
"""black waterproof PVC iPhone case""",Tech Accessories,Tech Accessories
"""Men's Formal Tuxedo Trousers""",Tuxedos,Tuxedos
"""Saint Laurent Men's 57MM Square Acetate Sunglasses - Ivory""",Eyewear,Eyewear
"""Paul Smith Multicolor Artist Stripe iPhone X Case""",Tech Accessories,Tech Accessories
"""Haider Ackermann Black Elasticated Cowboy Boots""",Boots,Boots
"""double buckled loafers""",Loafers,Loafers
"""Loro Piana Summer Walk Full-Grain Leather Loafers""",Loafers,Loafers
"""Rick Owens Black Champion Edition Embroidered Briefs""",Boxers & Briefs,Boxers & Briefs
"""Nike Golf Vapor Pro Full-Grain Leather Golf Shoes""",Sneakers,Sneakers
"""Officine Creative Grey Suede Agora 4 Sandals""",Slides/Slipper,Sandals
"""lace-up oxford shoe""",Oxfords,Oxfords
"""Men's Johnston \u0026 Murphy Milliken Penny Loafer""",Loafers,Loafers
"""Saks Fifth Avenue Men's COLLECTION Tuxedo Wool Trousers - Black """,Tuxedos,Tuxedos
"""Gomma loafers""",Loafers,Loafers
"""Cotton Twill Chino Boxer Shorts""",Active Pants,Shorts
"""Sebago Classic Joe Loafers""",Loafers,Loafers
"""Givenchy - Logo-engraved D-frame Metal Sunglasses - Mens - Gold""",Eyewear,Eyewear
"""Pack Of 2 Stretch Cotton Boxer Briefs""",Boxers & Briefs,Boxers & Briefs
"""faded boots""",Boots,Boots
"""Canvas trainers""",Sneakers,Sneakers
"""Logo Icon Cotton Jersey Boxer Briefs""",Boxers & Briefs,Boxers & Briefs
"""Men's Hutton Track Pants""",Active Pants,Active Pants
"""Logo Real Balenciaga Cotton T-shirt""",T-Shirts,T-Shirts
"""Odyssee - Montauk Stripe-print Swim Shorts - Mens - Navy White""",Shorts,Shorts
"""Rubinacci Marphy Suede-Trimmed Croc-Effect Leather Tasselled Loafers""",Loafers,Loafers
"""Dior Men's Futuristis 99MM Aviator Sunglasses - Silver""",Eyewear,Eyewear
"""The North Face Red Box Tee in White""",T-Shirts,T-Shirts
"""Gucci Blue Wool Disney Edition Cardigan""",Cardigans,Cardigans
"""Men's Majestic International Waffle Knit Robe""",Robes,Robes
"""Ermenegildo Zegna Men's Two-Button Wool-Blend Stripe Suit - Grey """,Suits,Suits
"""Boss Grey Merino Ablesaro Cardigan""",Cardigans,Cardigans
"""Martine Rose Panelled Ruched Track in Red""",Active Pants,Jackets
"""Men's Peak-Lapel Velvet Dinner Jacket""",Tuxedos,Tuxedos
"""Tropical Flowers shirt""",Shirts,Shirts
"""Men's Nike Air Max 90 Sneaker""",Sneakers,Sneakers
"""Men's Embossed Logo Zip-Front Hoodie""",Sweatshirts/Hoodies,Sweatshirts/Hoodies
"""v-neck tuxedo jacket""",Tuxedos,Tuxedos
"""Belt bracelet""",Slides/Slipper,Belts
"""Visvim Sublig Ribs Henley Tee in White""",T-Shirts,T-Shirts
"""tuxedo jacket""",Tuxedos,Tuxedos
"""John Elliott - Escobar Loop-back Cotton Jersey Track Pants - Mens - Dark Grey""",Active Pants,Active Pants
"""Giuseppe logo belt""",Sneakers,Belts
"""P. Le Moult - Cotton-herringbone Robe - Mens - Grey""",Robes,Robes
"""Vilebrequin - Iridescent Turtle-print Swim Shorts - Mens - Dark Navy""",Shorts,Shorts
"""Men's Hoodie - Girls Girls Girls""",Sweatshirts/Hoodies,Sweatshirts/Hoodies
"""Gucci - Morpheus Crackled Leather Belt Bag - Mens - Black""",Bags,Bags
"""Canali Men's Classic-Fit Glencheck Wool Suit - Grey """,Tuxedos,Suits
"""Maison Margiela - Tabi Split-toe Leather Flip Flops - Mens - Brown""",Sandals,Sandals
"""GR10K Blue All-Seasons Utility Tank Top""",T-Shirts,T-Shirts
"""Givenchy - Logo-embossed Rubber Slides - Mens - White""",Slides/Slipper,Slides/Slipper
"""Bengan teddy fleece""",Jackets,Jackets
"""wings-print iPhone XR case""",Tech Accessories,Tech Accessories
"""Versace Men's 2-Pack Stretch Cotton Briefs - Black White """,Boxers & Briefs,Boxers & Briefs
"""Calvin Klein Underwear 3 Pack Boxer Briefs""",Boxers & Briefs,Boxers & Briefs
"""Ralph Lauren Purple Label Men's Crewneck Tee - Grey """,T-Shirts,T-Shirts
"""Eye/loewe/nature - Logo-patch Suede Hiking Boots - Mens - Navy/black""",Boots,Boots
"""Cotton Poplin Shirt W/ Logo Cufflinks""",Cufflinks,Shirts
"""Valley Medallion-Detail Leather Belt""",Belts,Belts
"""Men's Majestic International Stretch Out Shawl Collar Robe""",Robes,Robes
"""logo embossed slides""",Slides/Slipper,Slides/Slipper
"""Men's Nylon Track Pants with Logo Tape""",Active Pants,Active Pants
"""Fendi - Round Acetate Glasses - Mens - Black""",Eyewear,Eyewear
"""Dolce \u0026 Gabbana - Slubbed-linen Oxford Tuxedo Jacket - Mens - White""",Tuxedos,Tuxedos
"""Etudes Off-White and Black Adieu Edition Type 142 Paint Derbys""",Derbys,Derbys
"""Valentino Garavani Logo sandals""",Sandals,Sandals
"""Men's Barocco Sleeve Robe""",Robes,Robes
"""Canali 8cm Silk Tie""",Ties,Ties
"""Men's Bugatchi Zip Polo""",Polos,Polos
"""Lunetterie Generale - Architect Square Acetate Sunglasses - Mens - Crystal""",Eyewear,Eyewear
"""Men's Cut-And-Sewn GG-Logo Track Pants""",Active Pants,Active Pants
"""AMI AMI 3 Pack Socks""",Socks,Socks
"""interlocking ring belt""",Belts,Belts
"""Ermenegildo Zegna White Linen Plaid T-Shirt""",T-Shirts,T-Shirts
"""Cardigan in fine merino wool""",Cardigans,Cardigans
"""Classic low-top sneakers""",Sneakers,Sneakers
"""Off-White Men's 3D Pencil Rationalism Hoodie - White Black """,Sweatshirts/Hoodies,Sweatshirts/Hoodies
"""Men's Bugatchi Shaped Fit Plaid Button-Up Cotton \u0026 Linen Shirt""",Shirts,Shirts
"""25mm Zip \u0026 Lace-up Suede Boots""",Sneakers,Boots
"""Random Identities Black Faux-Leather Zip Hoodie""",Sweatshirts/Hoodies,Sweatshirts/Hoodies
"""Moncler - Bastien Logo-print Leather Slides - Mens - Black""",Slides/Slipper,Sandals
"""Loewe - Anagram-jacquard Wool-blend Scarf - Mens - Black White""",Slides/Slipper,Scarves
"""Logo Patch Cotton Blend Sweat Pants""",Active Pants,Active Pants
"""Derek Rose - Aruba Technical Swim Shorts - Mens - Navy""",Shorts,Shorts
"""Tom Ford Black and Gold Henry Sunglasses""",Eyewear,Eyewear
"""Ancient Greek Sandals - Cork Slides - Mens - Beige""",Slides/Slipper,Slides/Slipper
"""Men's Halven Gentry Satin Lapel Wool Two-Piece Tuxedo""",Tuxedos,Tuxedos
"""John Lobb - Stratton Leather Sandals - Mens - Black""",Sandals,Sandals
"""Men's Lamb Leather Zip-Front Sport Jacket""",Jackets,Jackets
"""Hamilton and Hare Striped Loopback Cotton-Piqué Hooded Robe""",Robes,Robes
"""high-top sock-style sneakers""",Sneakers,Sneakers
"""Gucci Black and Silver Striped Leather G-Timeless Watch""",Watches,Watches
"""Han Kjobenhavn Silver Drum Clear Sunglasses""",Eyewear,Eyewear
"""John Elliott - University Cotton T-shirt - Mens - Dark Grey""",T-Shirts,T-Shirts
"""Men's Goodlife Slub Scallop Henley""",Shirts,T-Shirts
"""desert boots """,Loafers,Boots
"""A.P.C. - Colas Crossover Leather Slides - Mens - Brown""",Slides/Slipper,Slides/Slipper
"""Men's Tateossian King Skull Cuff Links""",Cufflinks,Cufflinks
"""RAEN Grey Aren Sunglasses""",Eyewear,Eyewear
"""Guidi Classic Derby in Black""",Derbys,Derbys
"""Printed folding jacket""",Jackets,Jackets
"""Casablanca Off-White Casa Way Sweater""",T-Shirts,Sweaters
"""Off-White c/o Virgil Abloh Printed Cotton-Jersey T-Shirt""",T-Shirts,T-Shirts
"""Men's Crewneck Graphic T-Shirt""",T-Shirts,T-Shirts
"""slip-on loafers""",Loafers,Loafers
"""MCM Logo Group M. Slides""",Slides/Slipper,Slides/Slipper
"""Moschino Men's Logo Slide Sandals - Black """,Slides/Slipper,Slides/Slipper
"""Gucci - Vintage Logo Leather Iphone® 8 Case - Mens - Black""",Tech Accessories,Tech Accessories
"""Innerraum Black I9 Wallet Belt Cross Body Bag""",Bags,Wallets
"""The North Face E-Tip Grip Gloves""",Gloves,Gloves
"""Saint Laurent Black SL M62 Sunglasses""",Eyewear,Eyewear
"""Nike Golf Vapor Pro Full-Grain Leather Golf Shoes""",Sneakers,Sneakers
"""Palm Angels Black Classic Rainbow Track Pants""",Active Pants,Active Pants
"""Amiri Ombre Plaid Cotton Shirt""",Denim,Shirts
"""Saint Laurent - Round Tortoiseshell-acetate Sunglasses - Mens - Tortoiseshell""",Eyewear,Eyewear
"""Men's Nike Air Max Camden Sport Slide""",Sneakers,Slides/Slipper
"""Iphone XR Wings cover""",Tech Accessories,Tech Accessories
"""Brunello Cucinelli Men's Floral Medallion Pocket Square - Orange""",Pocket Squares,Pocket Squares
"""Givenchy Black Bootcut Chino Trousers""",Chinos,Chinos
"""Thom Browne - 4-bar Stripe Technical Swim Shorts - Mens - Grey""",Shorts,Shorts
"""Men's Spar Tactel Zip-Front Hoodie""",Sweatshirts/Hoodies,Sweatshirts/Hoodies
"""Norse Projects Ketel Mélange Fleece-Back Cotton-Jersey Sweatshirt""",T-Shirts,Sweatshirts/Hoodies
"""Panthero printed jeans""",Sneakers,Denim
"""Men's Stretch-Cotton Zip Sweatshirt w/ Logo Tag""",Sweatshirts/Hoodies,Sweatshirts/Hoodies
"""3D cross iPhone XS max case""",Tech Accessories,Tech Accessories
"""contrast collar polo shirt""",Polos,Polos
"""Prada Logo Stretch-Cotton Shirt""",Sneakers,Shirts
"""Saint Laurent - Round Tortoiseshell-acetate Glasses - Mens - Tortoiseshell""",Eyewear,Eyewear
"""Loro Piana Summer Walk Full-Grain Leather Loafers""",Loafers,Loafers
"""Regular Institutional 10 Cotton Hoodie""",Sweatshirts/Hoodies,Sweatshirts/Hoodies
"""Ripstop Track Pants W/ Knit Stripe""",Active Pants,Active Pants
"""Men's Cole Haan Washington Grand Wingtip""",Sandals,Oxfords
"""Zegna Men's 57MM Polarized Round Aviator Sunglasses - Black""",Eyewear,Eyewear
"""Men's Majestic International Firelight Tv Cotton Velour Robe""",Robes,Robes
"""VLTN camouflage tie""",Ties,Ties
"""Rochambeau Orange Yves Scherer Edition Jogger Lounge Pants""",Active Pants,Loungewear
"""Socks""",Sneakers,Socks
"""Rivieras - Classic 20° Canvas Loafers - Mens - Grey""",Loafers,Loafers
"""embroidered logo hooded gilet""",Vests,Vests
"""Hanro Men's Woolen Silk Turtleneck Tee - Anthracite """,T-Shirts,T-Shirts
"""Emporio Armani Men's M Line Stretch Wool Tuxedo - Solid Blue """,Tuxedos,Tuxedos
"""Sportivo pants""",Active Pants,Pants
"""Neil Barrett - Zipped-pocket Denim Jacket - Mens - Black""",Overshirts,Jackets
"""Tateossian Men's Sterling Silver Globe Cuff Links - Blue""",Cufflinks,Cufflinks
"""64 iPhone X case""",Tech Accessories,Tech Accessories
"""PRPS Men's Cloud Dye Fleece Hoodie - Red """,Sweatshirts/Hoodies,Sweatshirts/Hoodies
"""Alexander McQueen Men's 55MM Aviator Sunglasses - Endura Gold""",Eyewear,Eyewear
"""De Bonne Facture 7cm Prince Of Wales Checked Linen Tie""",Ties,Ties
"""Brunello Cucinelli Men's Birdseye Dot Pocket Square - Brown""",Pocket Squares,Pocket Squares
"""quilted padded gilet""",Slides/Slipper,Vests
"""Paul Smith - Pack Of Three Cotton-blend Boxer-briefs - Mens - Black""",Boxers & Briefs,Boxers & Briefs
"""Rhude White and Grey Bball Hi Sneakers""",Sneakers,Sneakers
"""Round Frame Sunglasses""",Eyewear,Eyewear
"""penny loafers""",Loafers,Loafers
"""These Violent Delights Have Violent Ends""",T-Shirts,T-Shirts
"""Bottega Veneta Intrecciato Leather Slippers Size: 42""",Loafers,Slides/Slipper
"""Maple Leaf Band Nylon Swim Shorts""",Active Pants,Shorts
"""Men's Zip-Front Cashmere Hoodie""",Sweatshirts/Hoodies,Sweatshirts/Hoodies
"""Men's Grateful Dead Bear Graphic Hoodie""",Sweatshirts/Hoodies,Sweatshirts/Hoodies
"""Gucci Ghost Chain Necklace""",Cufflinks,Jewelry
"""Gucci Ghost Ring""",Cufflinks,Jewelry
"""Men's Floral Logo Crewneck T-Shirt""",T-Shirts,T-Shirts
"""Cole Haan Men's Goldwyn Leather Slide Sandals - Dark Brown """,Slides/Slipper,Slides/Slipper
"""Logo belt""",Belts,Belts
"""Vince Men's Gino Shearling Lined Suede \u0026 Leather Loafer Slippers - Black """,Slides/Slipper,Slides/Slipper
"""Extreme tuxedo jacket""",Tuxedos,Tuxedos
"""Men's Hugo Dilanno North Stretch Cotton Polo Shirt""",Polos,Polos
"""Schiesser - Belted Cotton-waffle Robe - Mens - Blue""",Robes,Robes
"""Men's Arachno Arrow Graphic T-Shirt""",T-Shirts,T-Shirts
"""Cartier Men's 62MM Round Metal Sunglasses - Gold""",Eyewear,Eyewear
"""Men's Hyper-Laundered Pique Polo Shirt""",Polos,Polos
"""Burberry - Eddie Tb-logo Cotton-piqué Polo Shirt - Mens - Navy""",Polos,Polos
"""40mm 2.0 Logo Industrial Nylon Belt""",Belts,Belts
"""Balenciaga Men's New BB Logo Hoodie - Red """,Sweatshirts/Hoodies,Sweatshirts/Hoodies
"""Coup de Soleil shirt""",T-Shirts,Shirts
"""Gucci - GG-print Track Pants - Mens - Black Brown""",Active Pants,Active Pants
"""Fendi Timepieces Run Away Stainless Steel Bracelet Watch - Silver Green""",Watches,Watches
"""New Wayfarer Classic sunglasses""",Eyewear,Eyewear
"""RS-X3 trainers""",Sneakers,Sneakers
"""Versace - Pack Of Two Logo Stretch-cotton Boxer Briefs - Mens - Black""",Boxers & Briefs,Shorts
"""Alpha Industries Parachute Drawstring Jogger Pants""",Shorts,Pants
"""Saint Laurent Crewneck Tee in Black""",T-Shirts,T-Shirts
"""Men's Geometer Embroidered-Skull T-Shirt""",T-Shirts,T-Shirts
"""Garrett Leight - Emperor 52 Square-frame Sunglasses - Mens - Black""",Eyewear,Eyewear
"""Men's Rope-Trim Drawstring Chino Pants""",Active Pants,Chinos
"""Pool Logo Rubber Slide Sandals""",Slides/Slipper,Sandals
"""Versace - Baroque-print Swim Shorts - Mens - Gold Multi""",Shorts,Shorts
"""Gucci Black Leather Derbys""",Derbys,Derbys
"""Balenciaga Black Leather Explorer Belt Pack""",Bags,Bags
"""Boss Black Paule2 Polo""",Polos,Polos
"""Life Preserver (g-7) Nylon Vest""",Shorts,Vests
"""Polartec Overshirt""",Overshirts,Overshirts
"""Oversize Nylon Track Pants""",Active Pants,Active Pants
"""Dion Lee Khaki Corrugated Tank Top""",T-Shirts,T-Shirts
"""Versace Men's Logo Toweling Baroque Bathrobe - Red """,Robes,Robes
"""Pack Of 2 Logo Cotton Boxer Briefs""",Boxers & Briefs,Boxers & Briefs
"""Saint Laurent Teddy Tweed Jacket in Black""",T-Shirts,Jackets
"""logo patch gloves""",Gloves,Gloves
"""Gucci Logo-Embossed Rubber Slides""",Slides/Slipper,Slides/Slipper
"""Marine Serre Black Moire Logo Cap""",Hats,Hats
"""Balenciaga Black Seamless Tuxedo Blazer""",Tuxedos,Tuxedos
"""Versace Men's Logo-Embroidered Cotton T-Shirt - Optical White """,T-Shirts,T-Shirts
"""Orlebar Brown Men's Slim-Fit Melange Linen T-Shirt - Seabreeze """,T-Shirts,T-Shirts
"""Logo Tech Slide Sandals""",Slides/Slipper,Sandals
"""Ami de Coeur t-shirt""",T-Shirts,T-Shirts
"""Ray-Ban Men's RB3609 54MM Classic Aviator Sunglasses - Black""",Eyewear,Eyewear
"""Lunetterie Generale - Spitfire Aviator 18kt Gold-plated Sunglasses - Mens - Gold""",Eyewear,Eyewear
"""Men's Delave Stretch-Cotton Chino Pants""",Chinos,Chinos
"""Rick Owens - Double-strap Leather Slides - Mens - Black""",Slides/Slipper,Slides/Slipper
"""Fancy Fendi Logo Leather \u0026 Mesh Sneakers""",Sneakers,Sneakers
"""Moschino Logo iPhone X / XS iPhone Case with Chain""",Tech Accessories,Tech Accessories
"""Gel-Venture 7 SPS Trainers""",Sneakers,Sneakers
"""Osan long-sleeved top""",Loafers,Shirts
"""Copacabana swim shorts""",Shorts,Shorts
"""high-top sock-style sneakers""",Sneakers,Sneakers
"""Ankle Boots""",Jackets,Boots
"""Eyevan 7285 Black and Gold Epitome Sunglasses""",Eyewear,Eyewear
"""Oversize short sleeve printed shirt""",Shirts,Shirts
"""Gucci Silver and Black G-Timeless Automatic Bees Watch""",Watches,Watches
"""Neil Barrett - Quilted Neoprene-jersey Track Pants - Mens - Black""",Active Pants,Active Pants
"""Palmer//harding - Paul Grandad-collar And Bib Cotton Tunic Shirt - Mens - Navy""",T-Shirts,Shirts
"""Vilebrequin Men's Mahina Koala Print Swim Trunks - Sea Blue """,Shorts,Shorts
"""FF trainers""",Sneakers,Sneakers
"""Polo Ralph Lauren - Logo-embroidered Cotton-jersey Polo Shirt - Mens - Blue""",Polos,Polos
"""CROSS CAMOU X CASE BLACK ORANGE IPHONE X""",Tech Accessories,Tech Accessories
"""Saks Fifth Avenue Men's COLLECTION BY SAMUELSOHN Classic-Fit Notched Lapel Wool Tuxedo - Black """,Suits,Tuxedos
"""Alexander Mcqueen - Side-stripe Wool-blend Tapered Trousers - Mens - Navy""",Tuxedos,Tuxedos
"""Billy Cloud Sweats in Black""",Active Pants,Active Pants
"""Inis Meáin - Wide-gauge Knitted-linen Cardigan - Mens - Black""",Cardigans,Cardigans
"""Deerupt Mesh Socks Sneakers""",Sneakers,Sneakers
"""Men's Paris By Night Brushed Fleece Oversized Hoodie Sweatshirt""",Sweatshirts/Hoodies,Sweatshirts/Hoodies
"""Off-White Black Diver Balaclava""",T-Shirts,Hats
"""Men's Ascot Suede Slippers""",Slides/Slipper,Slides/Slipper
"""wings-print iPhone XS Max case""",Tech Accessories,Tech Accessories
"""Wide bermuda shorts""",Shorts,Shorts
"""Rick Owens - Side-zip Cotton Track Pants - Mens - Black""",Active Pants,Active Pants
"""Thom Browne Men's Classic Wool Tuxedo - Black """,Tuxedos,Tuxedos
"""Gucci - GG-stripe Silk-faille Pocket Square - Mens - Navy""",Pocket Squares,Pocket Squares
"""Men's Silk-Blend Skull Pattern Socks""",Socks,Socks
"""Slim Jeans""",Denim,Denim
"""Balenciaga - Padded Oversized Logo-print Shirt - Mens - Multi""",T-Shirts,Shirts
"""Breitling Chronomat B01 Chronograph 44mm Stainless Steel And Gold Watch""",Watches,Watches
"""Men's Nike Golf Dri-Fit Victory Polo Shirt""",Polos,Polos
"""Oakley Sylas PRIZM Polarized Sunglasses""",Eyewear,Eyewear
"""x Templa padded vest""",Slides/Slipper,Vests
"""Monogram Motif Leather iPhone X/XS Case""",Tech Accessories,Tech Accessories
"""Moncler Clement Suede-Trimmed Shell Hiking Boots""",Sneakers,Boots
"""Burberry Trackpants in Red""",Active Pants,Active Pants
"""Oversized coat""",T-Shirts,Coats
"""Reigning Champ Men's Cotton Drawstring Hoodie - Heather Grey """,Sweatshirts/Hoodies,Sweatshirts/Hoodies
"""Balenciaga Ribbed Logo Cotton-Blend Socks""",Socks,Socks
"""Men's Camo Sateen Trouser Shorts""",Chinos,Shorts
"""Off-White - Set Of Three Stretch-cotton Jersey Boxer Trunks - Mens - White""",Boxers & Briefs,Boxers & Briefs
"""Loro Piana Slim-Fit Washed Cotton-Blend Trousers""",Pants,Pants
"""Men's Bldwn Modern Slim Fit Stretch Selvedge Jeans""",Denim,Denim
"""FF logo slides""",Slides/Slipper,Slides/Slipper
"""Men's Brixton Forte Trucker Hat - Black""",Hats,Hats
"""zip-up padded gilet""",Vests,Vests
"""Men's Magnanni Warwick Sneaker""",Sneakers,Sneakers
"""Off-White - Arrow-print Iphone® Xr Case - Mens - Black""",Tech Accessories,Tech Accessories
"""Sulvam Black and Silver Mesh Tank Top""",T-Shirts,T-Shirts
"""Lekson sandals""",Sandals,Sandals
"""Lekson sandals""",Sandals,Sandals
"""Le de Nîmes Fleurs jeans""",T-Shirts,Denim
"""Cartier Eyewear - C De Cartier Metal \u0026 Acetate Sunglasses - Mens - Gold""",Eyewear,Eyewear
"""Julien sweater""",T-Shirts,Sweaters
"""Saint Laurent Black SL M62 Sunglasses""",Eyewear,Eyewear
"""Folk Assembly Cotton-Poplin Shirt""",Overshirts,Shirts
"""Men's Greyson Queen Bee Short Sleeve Performance Polo""",Polos,Polos
"""Men's Majestic International Ultra Lux Robe""",Robes,Robes
"""John Elliott Men's Beach Hoodie - Oxblood """,Sweatshirts/Hoodies,Sweatshirts/Hoodies
"""Balmain - B-logo Leather Belt - Mens - Black""",Belts,Belts
"""Ferragamo Metal Sunglasses W/ Leather""",Eyewear,Eyewear
"""Titanium watch""",Watches,Watches
"""Pyjama shirt""",T-Shirts,Shirts
"""Cotton Boxer Shorts W/ Patches""",Active Pants,Shorts
"""Nemen - Guard Vest Technical Gilet - Mens - Green""",Vests,Vests
"""Gommini Nuovo loafers""",Loafers,Loafers
"""Dior Homme Gold DiorBreaker Sunglasses""",Eyewear,Eyewear
"""Unravel Project Men's Tuxedo Bomber Jacket - Black """,Sweatshirts/Hoodies,Jackets
"""Nike Golf Vapor Pro Full-Grain Leather Golf Shoes""",Sneakers,Sneakers
"""Workwear shorts""",Shorts,Shorts
"""Cufflinks, Inc. Men's Goldtone Moving Parts Scales of Justice Cuff Links - Gold""",Cufflinks,Cufflinks
"""Men's Royce Raglan Hoodie Sweatshirt""",Sweatshirts/Hoodies,Sweatshirts/Hoodies
"""Brunello Cucinelli Men's Polka Dot \u0026 Houndstooth Pocket Square - Purple""",Pocket Squares,Pocket Squares
"""Ermenegildo Zegna Men's Geometric Silk Pocket Square - Amethyst""",Pocket Squares,Pocket Squares
"""HUGO BOSS Men's Shearling-Lined Leather Slippers - Black """,Slides/Slipper,Slides/Slipper
"""1990's zipped leather vest""",Vests,Vests
"""Folk Assembly Cotton-Poplin Shirt""",Overshirts,Shirts
"""square frame sunglasses""",Eyewear,Eyewear
"""Orlebar Brown - Bulldog Swim Shorts - Mens - Grey""",Shorts,Shorts
"""Hod leather belt""",Loafers,Belts
"""Versace - Baroque-print Shell Track Pants - Mens - Green Multi""",Active Pants,Active Pants
"""Vintage canvas belted iPhone case""",Tech Accessories,Tech Accessories
"""Craig Green Cotton Chore Jacket""",Overshirts,Jackets
"""Wool and mohair track pants""",Active Pants,Active Pants
"""Raf Simons Animal Fabric Gloves in Abstract,White""",T-Shirts,Gloves
"""logo embossed slides""",Slides/Slipper,Slides/Slipper
"""Reigning Champ Men's Engineered Cotton Hoodie - Heather Ash """,Sweatshirts/Hoodies,Sweatshirts/Hoodies
"""Rag \u0026 Bone Men's Fit 2 Corduroy Pants - Army """,Chinos,Pants
"""Rick Owens Black Basic Tank Top""",T-Shirts,T-Shirts
"""Men's Banana-Print Swim Briefs""",Shorts,Boxers & Briefs
"""Gucci Grey and Red Bees and Hearts Suit""",Suits,Suits
"""Men's Teva Hurricane Xlt 2 Sandal""",Sandals,Sandals
"""Men's Distressed Logo-Print Hoodie Sweatshirt""",Sweatshirts/Hoodies,Sweatshirts/Hoodies
"""Etro Navy Paisley Logo Messenger Bag""",Bags,Bags
"""Versace Jeans Couture Black Logo Socks""",Socks,Socks
"""Printed Sweater W/ T-shirt Collar""",T-Shirts,Sweatshirts/Hoodies
"""Eyevan 7285 Brown 728 Sunglasses""",Eyewear,Eyewear
"""Tateossian Men's Tiger Iron Cufflinks - Brown""",Cufflinks,Cufflinks
"""Innerraum Black I19 Wallet Belt Bag""",Bags,Wallets
"""Golden Goose Navy Leather Slide Sneakers""",Sneakers,Sneakers
"""Air Max 270 trainers""",Sneakers,Sneakers
"""Striped Logo Virgin Wool Knit Cardigan""",Cardigans,Cardigans
"""Salvatore Ferragamo Men's Classic 60MM Aviator Sunglasses - Shiny Gold""",Eyewear,Eyewear
"""Kenzo Black Mule Tiger Head Pool Sandals""",Slides/Slipper,Sandals
"""Tateossian Men's Bullseye Cufflinks - White""",Cufflinks,Cufflinks
"""Club C Revenge Leather Sneakers""",Sneakers,Sneakers
"""Leather belt with double G buckle""",Belts,Belts
"""Mile loafers """,Loafers,Loafers
"""Men's Majestic International Shanti Chambray Cotton Robe""",Robes,Robes
"""Men's Peter Millar Marina Vest""",Vests,Vests
"""Calvin Klein Underwear Microfiber Stretch 3 Pack Boxer Briefs""",Boxers & Briefs,Boxers & Briefs
"""Drkshdw Cotton Jersey Boxer Shorts""",Active Pants,Boxers & Briefs
"""Train Visibility Sweatshirt \u0026 Sweatpants""",Sweatshirts/Hoodies,Active Pants
"""Off-White Men's 3-Pack Stretch Cotton Boxer Shorts - Black """,Boxers & Briefs,Shorts
"""Moschino Yellow Monster Hands iPhone X Case""",Tech Accessories,Tech Accessories
"""Saint Laurent Men's YSL Monogram Leather Belt - Noir """,Belts,Belts
"""ZSP4 trainers""",Sneakers,Sneakers
"""Men's Big \u0026 Tall Canali Milano Classic Fit Solid Wool Suit""",Suits,Suits
"""Runner Crest Leather Sneakers""",Sneakers,Sneakers
"""Ray-Ban Men's RB2140 50MM Classic Wayfarer Sunglasses - Red""",Eyewear,Eyewear
"""Long sleeve t-shirt""",Shirts,T-Shirts
"""Hibiscus swimming shorts""",Shorts,Shorts
"""Dior Men's Diorscales 58MM Aviator Sunglasses - Silver""",Eyewear,Eyewear
"""Sekford Watches - Type 1a Stainless-steel And Saffiano-leather Watch - Mens - Blue""",Watches,Watches
"""Brunello Cucinelli - Pintucked Cotton-blend Track Pants - Mens - Navy""",Active Pants,Active Pants
"""Pocket sweater""",Jackets,Sweaters
"""Men's Olukai Kahu 'Ili Collapsible Sneaker""",Sneakers,Sneakers
"""Barton Perreira Men's Aeronaut 60MM Navigator Sunglasses - Gold Yellow""",Eyewear,Eyewear
"""Canada Goose Men's Waterproof Down Insulated Gloves - Black """,Gloves,Gloves
"""Kiton Men's Medallion Print Silk Pocket Square - Green""",Pocket Squares,Pocket Squares
"""Men's Eaton Classic Tapered Chino Pants""",Chinos,Chinos
"""Versace Men's Medusa Slippers - Black """,Slides/Slipper,Slides/Slipper
"""Men's Printed Suede Down Vest""",Vests,Vests
"""Thom Browne Khaki Unconstructed Chino Trousers""",Chinos,Chinos
"""Men's Crewneck Short-Sleeve Cotton T-Shirt, Navy""",T-Shirts,T-Shirts
"""Sewing print pocket square""",Pocket Squares,Pocket Squares
"""Men's Furley Vintage Check Pool Slide Sandals""",Slides/Slipper,Slides/Slipper
"""Men's Kurke Hoodie Sweatshirt w/ Vintage Check Trim""",Sweatshirts/Hoodies,Sweatshirts/Hoodies
"""Valentino - V-logo Jacquard-stripe Jersey Track Pants - Mens - Black""",Active Pants,Active Pants
"""Horsebit quilted slide sandals""",Slides/Slipper,Slides/Slipper
"""Off-White Black Industrial Tape Boxer Briefs""",Boxers & Briefs,Boxers & Briefs
"""John Lobb - Zennor Leather Derby Shoes - Mens - Black""",Derbys,Derbys
"""Men's Crewneck Striped Linen T-Shirt""",T-Shirts,T-Shirts
"""Zip-up Cotton Blend Sweatshirt Hoodie""",Sweatshirts/Hoodies,Sweatshirts/Hoodies
"""Acne Studios North Stay Mid-Rise Slim-Leg Jeans""",Denim,Denim
"""Boy Fit Shirt""",T-Shirts,Shirts
"""Palm Angels Men's Side-Stripe Track Pants - Black White """,Active Pants,Active Pants
"""Sekford Watches - Type 1a Stainless-steel And Saffiano-leather Watch - Mens - Red Multi""",Watches,Watches
"""Balenciaga - Squared Cat-eye Optyl Glasses - Mens - Black""",Eyewear,Eyewear
"""12.5cm Ultra Skinny Cotton Denim Jeans""",Denim,Denim
"""Gel-Kinsei-OG Trainers""",Sneakers,Sneakers
"""Burberry Parker Tee in Black""",T-Shirts,T-Shirts
"""Jacques Marie Mage - Jagger Aviator Titanium Sunglasses - Mens - Silver""",Eyewear,Eyewear
"""Men's 7 Gauge Fisherman's Rib Zip Sweater""",Sweaters,Sweaters
"""Pearce loafers""",Loafers,Loafers
"""Top in cotton jersey""",T-Shirts,T-Shirts
"""Men's Cole Haan Feathercraft Grand Stitchlite Plain Toe Derby""",Derbys,Derbys
"""Versace Printed Leather Slides""",Slides/Slipper,Slides/Slipper
"""Marsèll - Strasacco Slipper Shoes - Mens - Brown""",Slides/Slipper,Slides/Slipper
"""Logo Intarsia Toe Socks""",Sneakers,Socks
"""Men's Charles 7\"" Palm Tree Swim Shorts""",Shorts,Shorts
"""MCM Visetos Original iPhone X / XS Case""",Tech Accessories,Tech Accessories
"""Raf Simons - X Dr. Martens 1461 Lace-up Leather Derby Boots - Mens - Black""",Derbys,Boots
"""Men's Nike Sportswear Club Pullover Hoodie""",Sweatshirts/Hoodies,Sweatshirts/Hoodies
"""Tateossian Men's Bullseye Semi-Precious Cufflinks - Silver""",Cufflinks,Cufflinks
"""Men's Logo-Graphic T-Shirt""",T-Shirts,T-Shirts
"""Tateossian Men's Rotating Poker Chip Cufflinks - Red Blue""",Cufflinks,Cufflinks
"""G-Flash velvet loafers""",Loafers,Loafers
"""Isaia Men's Double Play Windowpane Wool Suit Jacket - Blue """,Suits,Suits
"""Nike Golf Air Max 1g Coated Mesh Golf Shoes""",Sneakers,Sneakers
"""polo collar shirt """,Polos,Shirts
"""Helmut Lang Men's Alien Pullover Hoodie - Soda Blue """,Sweatshirts/Hoodies,Sweatshirts/Hoodies
"""FF fabric trainers""",Sneakers,Sneakers
"""Db Round Metal Sunglasses""",Eyewear,Eyewear
"""Officine Generale Navy Oliver Slim Tapered Cotton-Twill Chinos""",Chinos,Chinos
"""Derek Rose - Morgan Leather Slipper Shoes - Mens - Navy""",Slides/Slipper,Slides/Slipper
"""Thom Browne Men's Jogging Pants - Navy """,Active Pants,Active Pants
"""Classic Gcds Wool Blend Balaclava""",Sneakers,Hats
"""Men's Rockport Total Motion Sport Wingtip Derby""",Derbys,Derbys
"""Rock N' Roll Cufflinks""",Cufflinks,Cufflinks
"""Men's Lenny Side-Stripe Chino Pants""",Chinos,Chinos
"""Frescobol Carioca - Leblon Organic-cotton Jersey Track Pants - Mens - Black""",Active Pants,Active Pants
"""Men's Neon Camo Front-Zip Hoodie""",Sweatshirts/Hoodies,Sweatshirts/Hoodies
"""Men's Volcom Cj Collins Short Sleeve Button-Up Shirt""",Shirts,Shirts
"""Saks Fifth Avenue Men's COLLECTION Garment Dyed Merino Wool Cardigan - Charcoal """,Cardigans,Cardigans
"""Men's Regular Boxer Briefs""",Boxers & Briefs,Shorts
"""Oversized t-shirt""",T-Shirts,T-Shirts
"""16.5cm Cool Guy Cotton Denim Jeans""",Denim,Denim
"""distressed slides""",Slides/Slipper,Slides/Slipper
"""Bonobos Men's Slim-Fit Tech Chinos - New Navy """,Chinos,Chinos
"""Men's Peak-Lapel Two-Piece Tuxedo Suit""",Tuxedos,Tuxedos
"""Men's Capsule Mask Heavy Cotton Hoodie Sweatshirt""",Sweatshirts/Hoodies,Sweatshirts/Hoodies
"""x Random Identities Arizona sandals""",Sandals,Sandals
"""Benassi Solarsoft Slide SP pool slides""",Sneakers,Slides/Slipper
"""Husbands Paris Delon Wool-Mohair Trousers""",Active Pants,Pants
"""Alexander Mcqueen - Skull-embellished Navigator Sunglasses - Mens - Gold""",Eyewear,Eyewear
"""Tateossian Men's Bullseye Semi-Precious Cufflinks - Onyx""",Cufflinks,Cufflinks
"""Saint Laurent Transparent SL 337 Glasses""",Eyewear,Eyewear
"""Men's Icecream They Were Cones Graphic Tee""",T-Shirts,T-Shirts
"""Jacquemus Blue Les Lunettes Soleil Sunglasses""",Eyewear,Eyewear
"""Workwear shorts""",Shorts,Shorts
"""Men's Patagonia Logo Trucker Hat - Blue""",Hats,Hats
"""Valentino Go Skull Tee in White""",T-Shirts,T-Shirts
"""Veilance Demlo Nylon Jacket""",Shorts,Jackets
"""Men's Fine Pinstripe Straight Cotton Pants""",Chinos,Chinos
"""camouflage print holdall""",T-Shirts,Bags
"""Christian Louboutin - Loubiphone Rubber Iphone® X/xs Case - Mens - Black Red""",Tech Accessories,Tech Accessories
"""Rick Owens Outershirt in Black""",Active Pants,Overshirts
"""Thorsun - Luna Geometric-print Swim Shorts - Mens - Blue Multi""",Shorts,Shorts
"""Men's x Rhude Contrast-Stripe Track Pants""",Active Pants,Active Pants
"""Dries Van Noten 4cm Black Suede-Trimmed Webbing Belt""",Belts,Belts
"""Phibbs Hibiscus swimming trunks""",Shorts,Shorts
"""Gel-Kinsei-OG Trainers""",Sneakers,Sneakers
"""Saint Laurent Silver Double Chain Necklace""",Cufflinks,Jewelry
"""striped polo shirt""",Polos,Polos
"""The North Face 1996 Retro Nuptse Vest in Red""",Vests,Vests
"""double pocket overshirt""",Overshirts,Overshirts
"""Men's Marked Cherub Pullover Hoodie""",Sweatshirts/Hoodies,Sweatshirts/Hoodies
"""Illesteva - Murdoch Round Acetate Sunglasses - Mens - Black""",Eyewear,Eyewear
"""Printed Techno Puffer Jacket W/ Hood""",Vests,Jackets
"""Jil Sander Archer Cotton-Canvas Shirt""",Slides/Slipper,Shirts
"""Saint Laurent Black Coated Skinny Jeans""",Denim,Denim
"""Isaia Men's Woven Wool Pocket Square - Blue""",Pocket Squares,Pocket Squares
"""long leather gloves""",Gloves,Gloves
"""Pack Of 3 Stretch Cotton Briefs""",Boxers & Briefs,Boxers & Briefs
"""Cartier Eyewear - C De Cartier Aviator Titanium Sunglasses - Mens - Gold""",Eyewear,Eyewear
"""Cardigan""",Cardigans,Cardigans
"""Men's Ted Baker London Endurance Extra Slim Fit Geometric Dress Shirt""",Shirts,Shirts
"""Emporio Armani Men's M Line Tuxedo Suit - Black """,Tuxedos,Tuxedos
"""Palm Angels Men's Palm Angels x Under Armour Loose Jogging Pants - Melange Grey Black """,Active Pants,Active Pants
"""Y-3 Reversible Cap""",Hats,Hats
"""Maison Margiela Union Retro Fitt in Neutral""",Sneakers,Sneakers
"""Polo Ralph Lauren Men's Straight Fit Linen-Blend Pants - Desert Khaki """,Chinos,Chinos
"""Tom Ford Black Blue Block Bridge Glasses""",Eyewear,Eyewear
"""1017 ALYX 9SM - Trousers""",T-Shirts,Pants
"""AMI Embroidered Cotton T-Shirt""",T-Shirts,T-Shirts
"""Men's Hologram Logo Graphic T-Shirt""",T-Shirts,T-Shirts
"""Translucent Leather Belt Bag""",Bags,Bags
"""Universal Works Pleated Cotton Pants""",T-Shirts,Chinos
"""Ancient Greek Sandals - Hero Leather Flip Flops - Mens - Brown""",Sandals,Sandals
"""18cm V Logo Denim Pants""",Chinos,Denim
"""Frame - L'homme Slim-leg Jeans - Mens - Black""",Denim,Denim
"""Omc Track Pants""",Active Pants,Active Pants
"""Fox swimming shorts""",Shorts,Shorts
"""Canada Goose Men's Northern Utility Glove - Black """,Gloves,Gloves
"""Suicoke ZAVO-vhl Slipper in Black""",Slides/Slipper,Slides/Slipper
"""20mm Gucci Garden Cufflinks""",Cufflinks,Cufflinks
"""Loewe Leather-Trimmed Checked Wool-Blend Overshirt""",T-Shirts,Overshirts
"""Men's Hugo Twist Multifunction Bracelet Watch, 44Mm""",Watches,Watches
"""Iffley Road - Dartmoor Merino Wool Top - Mens - Grey""",Active Pants,T-Shirts
"""Dries Van Noten Off-White and Black Satin Floral Robe""",Robes,Robes
"""Giant Leather \u0026 Mesh Low Top Sneakers""",Sneakers,Sneakers
"""RETROSUPERFUTURE Black Numero 57 Glasses""",Eyewear,Eyewear
"""Men's Velvet Tuxedo Jacket""",Tuxedos,Tuxedos
"""Moncler Genius 5 Moncler Craig Green White T-Shirt""",T-Shirts,T-Shirts
"""Men's Basel 1 Jersey Zip-Front Hoodie""",Sweatshirts/Hoodies,Sweatshirts/Hoodies
"""Tom Ford Grey Soft Round Glasses""",Eyewear,Eyewear
"""Paul Smith Half Skull Cufflinks""",Cufflinks,Cufflinks
"""Wool Grain De Poudre Tuxedo""",Tuxedos,Tuxedos
"""Burberry - Colour-block Cotton-blend Velour Track Pants - Mens - Beige""",Active Pants,Active Pants
"""Gucci Dive 45mm Stainless Steel Watch""",Watches,Watches
"""Men's Shelton Shawl-Collar Jacket""",Tuxedos,Tuxedos
"""rubber GG slide sandal""",Slides/Slipper,Sandals
"""Kenzo Black Sport Logo Strap Phone Holder""",Bags,Tech Accessories
"""Ann Demeulemeester Black Tucson Derbys""",Derbys,Derbys
"""Grenson - Earl Chunky-sole Suede And Leather Derby Shoes - Mens - Black""",Derbys,Derbys
"""Givenchy - Logo-print Snood - Mens - Black""",Active Pants,Scarves
"""Saint Laurent - Logo-plaque Aviator Metal Sunglasses - Mens - Black""",Eyewear,Eyewear
"""Balenciaga Cosy Leather Logo Slipper""",Slides/Slipper,Slides/Slipper
"""Kiton Men's Mixed Print Silk Pocket Square - Brown""",Pocket Squares,Pocket Squares
"""Men's Nordstrom Men's Shop Spring Sneaker""",Sneakers,Sneakers
"""Calvin Klein Underwear One Micro Boxer Briefs""",Boxers & Briefs,Boxers & Briefs
"""Men's Patagonia P-6 Logo Responsibili-Tee T-Shirt""",T-Shirts,T-Shirts
"""Frescobol Carioca - Sandro Linen-blend Chino Trousers - Mens - White""",Active Pants,Chinos
"""striped tie""",Ties,Ties
"""Techno Gabardine Jogging Pants""",Chinos,Active Pants
"""Men's Logo-Taping Track Pants""",Active Pants,Active Pants
"""Max jeans""",Denim,Denim
"""Moschino Logo iPhone XS Max iPhone Case with Chain""",Tech Accessories,Tech Accessories
"""Multipoint Boonie Nylon Hat""",Hats,Hats
"""Etro - Garment-dyed Knitted Wool Cardigan - Mens - Red""",Cardigans,Cardigans
"""logo patch zipped gilet""",Vests,Vests
"""Paul Smith Black Cotton Stretch Chino Trousers""",Chinos,Chinos
"""Richard James Coral Seishen Slim-Fit Linen Suit Jacket""",Suits,Jackets
"""Nitefox x Helly Hansen trainers""",Sneakers,Sneakers
"""tassel detail loafers""",Loafers,Loafers
"""Rick Owens Drawstring Karloff Boxers in Black""",Active Pants,Shorts
"""Paul Smith Men's Multi-Stripe Robe """,Robes,Robes
"""Burberry - Colour-block Cotton-blend Velour Track Pants - Mens - Beige""",Active Pants,Active Pants
"""Gucci - GG Ophidia Canvas Belt Bag - Mens - Cream Multi""",Bags,Bags
"""Men's Mouse Moon Graphic Print T-Shirt""",T-Shirts,T-Shirts
"""1017 ALYX 9SM Nike Sponge Laser Logo Tee in White""",T-Shirts,T-Shirts
"""Sport Stripe trousers""",Active Pants,Pants
"""Hereu - Priego Suede Derby Shoes - Mens - Black""",Derbys,Derbys
"""Balenciaga - Logo-print Leather Belt Bag - Mens - Black""",Bags,Bags
"""26cm Marine Fit Cotton Denim Shorts""",Denim,Shorts
"""Camo shirt""",Shirts,Shirts
"""Dunhill 3cm Blue And Black Reversible Leather Belt""",Belts,Belts
"""Ksubi Sinister Tee in Black,Stripes""",T-Shirts,T-Shirts
"""Balenciaga - Fire Oval Metal Sunglasses - Mens - Black""",Eyewear,Eyewear
"""Ann Demeulemeester Black Leather Joris Gloves""",Gloves,Gloves
"""Emma Willis - Antique Paisley Wool-jacquard Robe - Mens - Multi""",Robes,Robes
"""Ermenegildo Zegna Men's Regular-Fit Stripe Wool Suit - Navy """,Suits,Suits
"""Acne Studios - Paxton Side-zip Straight-leg Trousers - Mens - Khaki""",Active Pants,Pants
"""Bladder Leather Sneakers""",Sneakers,Sneakers
"""David Beckham Men's 54MM Square Sunglasses - Gold""",Eyewear,Eyewear
"""Versace - Barocco-print Canvas Belt Bag - Mens - Black Gold""",Slides/Slipper,Bags
"""Acne Studios Men's Canada Wool Scarf - Camel Brown""",Gloves,Scarves
"""Slide high-top sneakers""",Sneakers,Sneakers
"""Palm Angels Black and Multicolor Sacred Heart iPhone 11 Pro Case""",Tech Accessories,Tech Accessories
"""Gucci - Web-striped Cable-knit Wool-blend Socks - Mens - White""",Socks,Socks
"""Cotton Canvas Chino Pants""",Chinos,Chinos
"""Orlebar Brown Men's Setter Tape Stripe Swim Trunks - White Baha """,Shorts,Shorts
"""Ghoswift trainers""",Sneakers,Sneakers
"""Ancient Greek Sandals - Hero Leather Flip Flops - Mens - Black""",Sandals,Sandals
"""Off-White Black and White Knit Fence Gloves""",Gloves,Gloves
"""nonnative Dweller Slim-Fit Cotton-Corduroy Trousers""",T-Shirts,Pants
"""Brunello Cucinelli Men's Tile Print Silk Pocket Square - Sand""",Pocket Squares,Pocket Squares
"""Palm Angels - Tie-dyed Cotton-blend Chenille Track Pants - Mens - Black Yellow""",Active Pants,Active Pants
"""Satisfy Black Race Singlet Tank Top""",T-Shirts,T-Shirts
"""Sock Jaw Sneakers""",Sneakers,Sneakers
"""Men's Gancini-Print Pullover Hoodie""",Sweatshirts/Hoodies,Sweatshirts/Hoodies
"""Men's Fria GG Wool Slippers""",Slides/Slipper,Slides/Slipper
"""Burberry Black ECONYL® Medium Cannon Belt Bag""",Bags,Bags
"""Men's Nite N Day Velvet Slippers""",Slides/Slipper,Slides/Slipper
"""Men's Club Nomade Half-Zip Sweatshirt""",Sweatshirts/Hoodies,Sweatshirts/Hoodies
"""Men's The North Face Base Camp Ii Slide Sandal""",Sandals,Slides/Slipper
"""RETROSUPERFUTURE Tortoiseshell Ciccio Glasses""",Eyewear,Eyewear
"""Men's Cut-Up Logo Graphic Pullover Hoodie""",Sweatshirts/Hoodies,Sweatshirts/Hoodies
"""Commas - Sailboat-print Swim Shorts - Mens - Black Multi""",Shorts,Shorts
"""Men's Glauco Pig Velvet Slippers""",Loafers,Slides/Slipper
"""AMI Tapered Pleated Cotton-Twill Chinos""",Chinos,Chinos
"""buckel belt""",Belts,Belts
"""Robert Graham Men's The Great Place Abstract Print Swim Shorts """,Shorts,Shorts
"""Eton Men's Contemporary-Fit Polo Soft Shirt - Blue """,Polos,Polos
"""Hooded jogging top""",Active Pants,Sweatshirts/Hoodies
"""Men's Kappa 222 Banda Rastoriazz Slim Fit Track Pants""",Active Pants,Active Pants
"""Puma Select x Helly Hansen Trailfox MTS in Black,Orange,White""",Sneakers,Sneakers
"""True Religion Men's Rocco Slim-Fit Moto Jeans - Get The Bag Worn """,Denim,Denim
"""O'keeffe - Samuel Tassel Suede Loafers - Mens - Brown""",Loafers,Loafers
"""round toe loafers""",Loafers,Loafers
"""Valentino Garavani camouflage print slides""",Slides/Slipper,Slides/Slipper
"""classic tuxedo""",T-Shirts,Tuxedos
"""Men's Majestic International Ultra Lux Robe""",Robes,Robes
"""Le Pop Classique print nylon sweatpants""",Active Pants,Active Pants
"""Alexander Mcqueen - Floral-print Burgundy Swim Shorts - Mens - Burgundy""",Shorts,Shorts
"""Wing Print Tech Iphone X/xs Case""",Tech Accessories,Tech Accessories
"""Polo Ralph Lauren - Logo-embroidered Merino-wool Sweater - Mens - Navy""",Polos,Sweaters
"""Paul Smith Bright Stripe iPhone X Case""",Tech Accessories,Tech Accessories
"""Vilebrequin Men's Micro Turtle Print Swim Trunks - Mint """,Shorts,Shorts
"""Ermenegildo Zegna Men's Patterned Silk Pocket Square - Blue""",Pocket Squares,Pocket Squares
"""maple leaf Iphone X cover""",Tech Accessories,Tech Accessories
"""Mophie iPhone juice pack""",Tech Accessories,Tech Accessories
"""Fendi Men's 99MM Logo Fashion Shield Sunglasses""",Eyewear,Eyewear
"""15.5cm Berlin Light Denim Tuxedo Pants""",Active Pants,Tuxedos
"""slogan iPhone X case""",Tech Accessories,Tech Accessories
"""Rick Owens - Mirrored Rectangular Acetate Sunglasses - Mens - Black""",Eyewear,Eyewear
"""Dr. Martens Black Myles HDW Sandals""",Slides/Slipper,Sandals
"""LXCON sneakers""",Sneakers,Sneakers
"""Polo Ralph Lauren Cotton-Twill Baseball Cap""",Polos,Hats
"""Acne Studios Silver and Gold Arin Earring""",Cufflinks,Jewelry
"""RRL Officer Cotton-Twill Straight-Leg Pants""",Chinos,Chinos
"""Gucci Off-White Box Logo Ryhton Sneakers""",Sneakers,Sneakers
"""Blumen long sleeve top""",T-Shirts,T-Shirts
"""John Elliott - Sochi Cotton-jersey Track Pants - Mens - Black""",Active Pants,Active Pants
"""Balenciaga Triple S Clear Sole in Blue,White""",Sneakers,Sneakers
"""Cropped trousers""",Active Pants,Pants
"""Men's Long-Sleeve Polo Shirt""",Polos,Polos
"""printed tie""",T-Shirts,Ties
"""Deakin \u0026 Francis - Dreamcatcher Sapphire \u0026 Sterling-silver Cufflinks - Mens - White""",Cufflinks,Cufflinks
"""3.1 Phillip Lim Men's Allover Print Stretch-Cotton T-Shirt - Black White """,T-Shirts,T-Shirts
"""Noah NYC Navy Alternate Stripes Rugby Polo""",Polos,Polos
"""Hestra Shearling Mittens""",Gloves,Gloves
"""Trekker Jacket""",Jackets,Jackets
"""Paul Smith - Cotton Straight-leg Track Pants - Mens - Black""",Active Pants,Active Pants
"""Zimmerli - 700 Pureness Stretch-jersey Boxer Briefs - Mens - Navy""",Boxers & Briefs,Boxers & Briefs
"""buckle detail slides""",Slides/Slipper,Slides/Slipper
"""Paul Smith - Globe Cufflinks - Mens - Blue Multi""",Cufflinks,Cufflinks
"""25mm Suede Desert Boots""",Sneakers,Boots
"""Ann Demeulemeester - Asymmetric-pocket Cotton Overshirt - Mens - Black""",Overshirts,Overshirts
"""Greyson Men's Angel Tears Polo Shirt - Midnight """,Polos,Polos
"""Deveaux - Tailored Satin-back Sharkskin Suit Trousers - Mens - Grey""",Active Pants,Suits
"""Balenciaga - X-rated Logo-embroidered Cotton Baseball Cap - Mens - Black Multi""",Hats,Hats
"""Gel-cumulus 21 Running Sneakers""",Sneakers,Sneakers
"""Men's Logo Tape Hoodie Sweatshirt""",Sweatshirts/Hoodies,Sweatshirts/Hoodies
"""P. Le Moult - Striped Cotton-canvas Robe - Mens - Multi""",Robes,Robes
"""Hanro Men's Cotton Superior Boxer Briefs - Black """,Boxers & Briefs,Boxers & Briefs
"""Baseball cap""",Hats,Hats
"""Etro - Floral-print Drawstring Swim Shorts - Mens - Blue Multi""",Shorts,Shorts
"""Orlebar Brown Men's OB-T Photographic T-Shirt - Full Sail Ahead """,T-Shirts,T-Shirts
"""David Yurman Men's Maritime Sterling Silver \u0026 Black Diamond Compass Signet Ring """,Cufflinks,Jewelry
"""Clarks Leather Desert London Oxfords""",Sneakers,Oxfords
"""Dries Van Noten Black Floral Print Scarf""",Tech Accessories,Scarves
"""Men's Icon Typographic T-Shirt""",T-Shirts,T-Shirts
"""Jil Sander - Crossover-strap Leather Sandals - Mens - Black""",Sandals,Sandals
"""Valentino Garavani camouflage print slides""",Slides/Slipper,Slides/Slipper
"""ATM Anthony Thomas Melillo Men's Casual Sweatshorts - Grey """,Shorts,Shorts
"""Men's Rodd \u0026 Gunn Hopelands Regular Fit Floral Short Sleeve Linen Button-Up Shirt""",Shirts,Shirts
"""Top with patches""",T-Shirts,Sweatshirts/Hoodies
"""Men's Jared Lang Slim Fit Button-Up Knit Sport Shirt""",Shirts,Shirts
"""Casablanca Green Knit Polo""",Polos,Polos
"""A.P.C. White Run Around Sneakers""",Sneakers,Sneakers
"""Men's Striped-Armband T-Shirt""",T-Shirts,T-Shirts
"""Y-3 Yohji Yamamoto Color Block Shell Track Pant in Blue,Red,Black""",Active Pants,Active Pants
"""John Varvatos Star U.S.A. Men's Jackson Button-Up T-Shirt - Indigo """,T-Shirts,T-Shirts
"""Valentino - Astronaut-print Swim Shorts - Mens - Navy Multi""",Shorts,Shorts
"""Helmut Lang Men's Satin Warm-Up Shorts - Bronze """,Shorts,Shorts
"""Vince Men's Howell Shearling-Lined Wool Slippers - Charcoal """,Slides/Slipper,Slides/Slipper
"""ByBorre Textured Cotton Track Pants""",Sneakers,Active Pants
"""Men's Billy Reid Trim Fit Stripe Polo Shirt""",Polos,Polos
"""Valentino - Vltn-logo Leather Slides - Mens - Black""",Slides/Slipper,Sandals
"""Palm Angels - Tie-dyed Velour Track Top - Mens - Black Purple""",Active Pants,Sweatshirts/Hoodies
"""logo embroidered cap""",T-Shirts,Hats
"""Canali Men's Flower Wool Silk Pocket Square - Red""",Pocket Squares,Pocket Squares
"""Crazy trainers""",Sneakers,Sneakers
"""Jan-Jan Van Essche Black Washi Jersey Tank Top""",T-Shirts,T-Shirts
"""penny slip-on loafers""",Loafers,Loafers
"""Medusa head iPhone XS Max case""",Tech Accessories,Tech Accessories
"""Orlebar Brown Men's Standard Swim Shorts - Navy """,Shorts,Shorts
"""Canali Men's Classic Wool Suit - Blue """,Suits,Suits
"""Off-white - Belted Cotton-twill Chino Trousers - Mens - Black""",Pants,Chinos
"""Anthos Polished Leather Zipped Boots""",Boots,Boots
"""Kiton Men's Paisley Silk Pocket Square - Light Brown""",Pocket Squares,Pocket Squares
"""Hooded Techno Padded Poncho""",Sweatshirts/Hoodies,Coats
"""Men's Teva Voya Flip Flop""",Sandals,Sandals
"""Balenciaga Black Croc Strike Derbys""",Derbys,Derbys
"""ribbed gloves""",Gloves,Gloves
"""Dries Van Noten Burgundy Floral Tank Top""",T-Shirts,T-Shirts
"""C.P. Company - Goggle-lens Cotton-jersey Track Shorts - Mens - Black""",Active Pants,Shorts
"""Thorsun - Mermaid-print Swim Shorts - Mens - Multi""",Shorts,Shorts
"""Vince Men's Gino Shearling Lined Suede \u0026 Leather Loafer Slippers - Black """,Slides/Slipper,Slides/Slipper
"""Moncler Red Maglia Boxer Polo""",Polos,Polos
"""Fedeli Madeira Printed Swim Shorts""",Shorts,Shorts
"""Our Legacy Oversized Waffle-Knit Merino Wool And Mohair-Blend Overshirt""",Overshirts,Overshirts
"""Men's Timex X Todd Snyder The Military Nato Strap Watch, 40Mm""",Watches,Watches
"""Logo Nylon Swim Shorts""",Active Pants,Shorts
"""Men's Majestic International Fresh Ink Stripe Silk Robe""",Robes,Robes
"""Printed jogging bottoms""",Active Pants,Active Pants
"""Carrera Men's 62MM Shield Sunglasses - Black""",Eyewear,Eyewear
"""Men's Logo-Embossed Suede Belt""",Belts,Belts
"""Julius White Rib Knit Tank Top""",T-Shirts,T-Shirts
"""Plain swim shorts""",Shorts,Shorts
"""Vintage Effect Leather Belt Pack""",Bags,Bags
"""Double Fox polo shirt""",T-Shirts,Polos
"""Native Union Clic Canvas iPhone 11 Case""",Tech Accessories,Tech Accessories
"""Stefano coat""",Sneakers,Coats
"""Transparent Tech Iphone X/xs Case""",Tech Accessories,Tech Accessories
"""Orlebar Brown - Sebastian Tailored-fit Slubbed-linen Polo Shirt - Mens - Navy""",Polos,Polos
"""Men's Daniel Buchler Heather Jacquard Robe""",Robes,Robes
"""SEASE Dinghy Ribbed Cashmere Rollneck Sweater""",Sweaters,Sweaters
"""iPhone XR graphic print case""",Tech Accessories,Tech Accessories
"""Check Cotton Blend Sonny Belt Bag""",Bags,Bags
"""Vilebrequin Men's Moorea Bateaux Swim Trunks - Lagoon """,Shorts,Shorts
"""Air Force 1 '07 Prm 1ho19 Sneakers""",Sneakers,Sneakers
"""Sun Buddies - Elton Acetate Cat-eye Sunglasses - Mens - Clear""",Eyewear,Eyewear
"""Fila Knit Visor with Velcro Closure""",Hats,Hats
"""Neil Barrett - Zipped-pocket Denim Jacket - Mens - Black""",Overshirts,Jackets
"""1952 - Cardigan""",Sneakers,Cardigans
"""Men's Vans Era 59 Sneaker""",Sneakers,Sneakers
"""Men's Tcg Bomber Jacket Sneaker, Size 9US / 42EU - Green""",Sneakers,Sneakers
"""Saks Fifth Avenue Men's COLLECTION Platform Cuff Links - Rose Gold""",Cufflinks,Cufflinks
"""RETROSUPERFUTURE Black Numero 57 Glasses""",Eyewear,Eyewear
"""Cartoon t-shirt""",T-Shirts,T-Shirts
"""Track Pants""",Active Pants,Active Pants
"""Men's Champion Utility Rucksack""",Shirts,Bags
"""Givenchy - Jaw Contrast-panel Leather Sandals - Mens - Black""",Slides/Slipper,Sandals
"""Mankind Socks""",Socks,Socks
"""Givenchy Black and Blue Collar Phone Case""",Tech Accessories,Tech Accessories
"""Dior Homme Black DiorFraction3""",Eyewear,Eyewear
"""Men's Tonal Medusa Graphic T-Shirt""",T-Shirts,T-Shirts
"""Gucci Green Ring Vest""",Vests,Vests
"""Burberry Men's Vintage Check Phone Case Lanyard - Archieve Beige""",Bags,Tech Accessories
"""Thom Browne Navy Merino Aran Cable Cardigan""",Cardigans,Cardigans
"""40mm Leather Belt""",Belts,Belts
"""Tod's Men's Pantofola Smooth Leather Loafers - Dark Brown """,Loafers,Loafers
"""Burberry Men's Martin Check Swim Trunks - Melon """,Shorts,Shorts
"""Web stripe tapered trousers""",Active Pants,Pants
"""Men's Saffiano Leather Belt""",Belts,Belts
"""Men's Hawaiian-Print Crewneck T-Shirt""",T-Shirts,T-Shirts
"""Tropical Natural Virgin Wool Travel Suit""",Suits,Suits
"""Polo Ralph Lauren Men's Color-Blocked Rugby Hoodie - Green Multi """,Polos,Sweatshirts/Hoodies
"""Commas - Splodge-print Swim Shorts - Mens - Black Orange""",Shorts,Shorts
"""embossed logo slides""",Slides/Slipper,Slides/Slipper
"""classic cut puppytooth-check tie""",Ties,Ties
"""Men's Aki Japanese Stripe Overshirt""",Overshirts,Overshirts
"""Burberry - Marshall Logo-embroidered Cotton Track Pants - Mens - Navy""",Active Pants,Active Pants
"""Jogging Wool Blend Gabardine Pants""",Active Pants,Active Pants
"""slim-fit chino shorts""",Chinos,Shorts
"""Orlebar Brown Men's Bulldog Amalfi Stripe Swim Trunks - Navy Blush Sunflower """,Shorts,Shorts
"""Sailor watch""",Watches,Watches
"""Cotton shirt""",Shirts,Shirts
"""Reigning Champ Midweight Terry Robe""",Robes,Robes
"""Ami - Fringed Leather Moccasins - Mens - Black""",Boots,Socks
"""Etro - Camel-print Drawstring Swim Shorts - Mens - Khaki Multi""",Shorts,Shorts
"""White Sand - Elasticated-waist Cotton-blend Cargo Trousers - Mens - Black""",Active Pants,Pants
"""Matsuda Eyewear Round-Frame Acetate and Gold-Tone Sunglasses""",Eyewear,Eyewear
"""Stone Island Black Zippered Overshirt""",Overshirts,Overshirts
"""Logo Rubber Slide Sandals""",Slides/Slipper,Sandals
"""Versace Underwear Black Signature Print Boxers""",Boxers & Briefs,Boxers & Briefs
"""Off-White Bart Simpson Printed Cotton-Jersey T-Shirt""",T-Shirts,T-Shirts
"""Balenciaga - Cash Logo-print Leather Iphone® X \u0026 Xs Case - Mens - Black White""",Tech Accessories,Tech Accessories
"""BARTON PERREIRA Doyen Aviator-Style Titanium Sunglasses""",Eyewear,Eyewear
"""Off-White Men's Arrows Pattern Swim Bermuda Shorts - Allover Grey """,Shorts,Shorts
"""Schnayderman's Overshirt Textured Wool""",Jackets,Overshirts
"""Brunello Cucinelli - Tile-print Silk-faille Pocket Square - Mens - Navy""",Pocket Squares,Pocket Squares
"""Camp Collar Overshirt""",Overshirts,Overshirts
"""Paul Smith Black Coyle Derbys""",Derbys,Derbys
"""Gucci Men's Gucci x Disney Stonewash Ankle Jeans - Blue """,Active Pants,Denim
"""Washed Cotton Jersey Sweatpants""",Vests,Active Pants
"""Men's Satin-Lapel Tuxedo Suit""",Tuxedos,Tuxedos
"""Cotton t-shirt""",Shirts,T-Shirts
"""Isaia Men's Regular-Fit Pinstripe Wool Suit - Navy """,Suits,Suits
"""Ferragamo Metal Sunglasses W/ Leather""",Eyewear,Eyewear
"""Ambush - Bleached Cotton Track Pants - Mens - Green""",Active Pants,Active Pants
"""Men's Heavy Cotton Poplin Trousers""",Chinos,Pants
"""Brunello Cucinelli Men's Floral Medallion Pocket Square - Light Grey""",Pocket Squares,Pocket Squares
"""Workwear Cotton Sweatshirt Hoodie""",Sweatshirts/Hoodies,Sweatshirts/Hoodies
"""Logo Tech Slide Sandals""",Slides/Slipper,Slides/Slipper
"""Brunello Cucinelli - Suede Lace-up Boots - Mens - Brown""",Boots,Boots
